{
  "boundary": "This measures root-pair distance as a possible divergence-position signal. It does not test recursive region hints, compact codecs, real BLE, or security.",
  "chain_length": 128,
  "families": {
    "balanced_crystal": {
      "equal_lanes_by_height_bin": {
        "0": 0.0352,
        "1": 0.0273,
        "10": 0.0664,
        "11": 0.0605,
        "12": 0.0645,
        "13": 0.0762,
        "14": 0.1211,
        "15": 0.2031,
        "2": 0.041,
        "3": 0.0449,
        "4": 0.0273,
        "5": 0.043,
        "6": 0.043,
        "7": 0.0293,
        "8": 0.0625,
        "9": 0.0664
      },
      "mean_equal_lanes": 0.0632,
      "mean_hamming_bits": 31.9021,
      "mean_hamming_bits_by_height_bin": {
        "0": 31.9512,
        "1": 31.9121,
        "10": 31.8047,
        "11": 31.9688,
        "12": 32.2422,
        "13": 31.8535,
        "14": 31.6641,
        "15": 31.1777,
        "2": 31.8652,
        "3": 32.1094,
        "4": 32.0547,
        "5": 32.1797,
        "6": 31.8008,
        "7": 31.8613,
        "8": 32.0527,
        "9": 31.9355
      },
      "mi_bits_equal_lanes": 0.017352,
      "mi_bits_hamming": 0.036261
    },
    "blake3_trunc64_null": {
      "equal_lanes_by_height_bin": {
        "0": 0.043,
        "1": 0.0215,
        "10": 0.0293,
        "11": 0.0293,
        "12": 0.0332,
        "13": 0.0176,
        "14": 0.0137,
        "15": 0.0332,
        "2": 0.0508,
        "3": 0.0488,
        "4": 0.0352,
        "5": 0.043,
        "6": 0.0234,
        "7": 0.0254,
        "8": 0.0293,
        "9": 0.0449
      },
      "mean_equal_lanes": 0.0326,
      "mean_hamming_bits": 31.9766,
      "mean_hamming_bits_by_height_bin": {
        "0": 31.7305,
        "1": 32.0098,
        "10": 32.0312,
        "11": 32.1445,
        "12": 31.8105,
        "13": 32.1914,
        "14": 32.0957,
        "15": 32.1016,
        "2": 31.7461,
        "3": 31.9082,
        "4": 31.8418,
        "5": 31.9746,
        "6": 32.125,
        "7": 31.9375,
        "8": 31.9082,
        "9": 32.0684
      },
      "mi_bits_equal_lanes": 0.003361,
      "mi_bits_hamming": 0.036847
    },
    "sequential_crystal": {
      "equal_lanes_by_height_bin": {
        "0": 0.0273,
        "1": 0.0215,
        "10": 0.043,
        "11": 0.0273,
        "12": 0.0254,
        "13": 0.0176,
        "14": 0.0273,
        "15": 0.0254,
        "2": 0.0195,
        "3": 0.0234,
        "4": 0.0332,
        "5": 0.0254,
        "6": 0.041,
        "7": 0.0234,
        "8": 0.0391,
        "9": 0.0273
      },
      "mean_equal_lanes": 0.028,
      "mean_hamming_bits": 31.9705,
      "mean_hamming_bits_by_height_bin": {
        "0": 32.0332,
        "1": 31.7656,
        "10": 31.9844,
        "11": 32.2305,
        "12": 31.9922,
        "13": 32.1426,
        "14": 31.959,
        "15": 31.8613,
        "2": 32.2168,
        "3": 31.877,
        "4": 31.6836,
        "5": 32.252,
        "6": 31.9355,
        "7": 31.7168,
        "8": 31.9551,
        "9": 31.9219
      },
      "mi_bits_equal_lanes": 0.002103,
      "mi_bits_hamming": 0.036343
    }
  },
  "height_bins": 16,
  "interpretation": {
    "best_family_by_hamming_mi": "blake3_trunc64_null",
    "best_hamming_mi_bits": 0.036847,
    "null_hamming_mi_bits": 0.036847,
    "signal_over_null_bits": 0.0,
    "threshold_note": "A useful routing signal would need to clear the truncated-hash null by multiple bits, not merely sampling bias."
  },
  "run_id": "crystal_localization_gradient_v0",
  "samples": 8192,
  "schema": "crystal.mesh_ledger.localization_gradient.v0"
}
